id,name,age,address,seniority,actual projects,past projects
1,Alexander Rodriguez_Martinez,1986-12-02,Av Patriotismo 635,1994-12-02,Nomad D.A.R.T,Covid_AI_evaluator Shapeoko Perseverance Paypal Pizzeria_system Snake_game Starlink Legends_of_Runterra SpaceX Falcon_9 Skylab Pomodoro Neuralink Personnel_management_tool Codename_L Apollo Nvenc BPM_Tracker Guitar_tuner Boat_detector Prosperity Laser_Printer Codename_F Mercury I.S.P. Valorant Hyperloop CPCFI League_of_Legends Artemis_program Shop_system Proyecto_Nutria Microsoft_365 Dell_XPS Intelligent_Lock Curiosity Boring_company Google Dont@me Shuttle-mir_program Starship Tesla Space_Shuttle Wild_Rift Arcane Teamfight_Tactics
2,Matias Rodriguez_Callejas,1995-12-02,Sanchez Azcona Esq Obrero Mundial Narvarte,1996-12-02,D.A.R.T,Starship Curiosity BPM_Tracker Valorant Skylab Boring_company Falcon_9 Nomad Starlink Shop_system Guitar_tuner Boat_detector Snake_game Legends_of_Runterra Apollo League_of_Legends Codename_L Shapeoko Space_Shuttle Perseverance CPCFI I.S.P. Artemis_program Intelligent_Lock Microsoft_365 Pomodoro Proyecto_Nutria Pizzeria_system Dont@me Covid_Tracker Google Hyperloop Laser_Printer Dell_XPS Arcane Neuralink Codename_F Mercury
3,Sofia Villota_Cruz,1981-12-02,"Cl. PESTALOZZI 578 DEPTO 305",1999-12-02,Facebook,Curiosity Starship Pomodoro Valorant Falcon_9 Nomad SpaceX Boring_company Codename_F Personnel_management_tool Tesla League_of_Legends
4,Camila Perez_Garcia,1971-12-02,"Cl. MONROVIA 609 Dpto. 104",1990-12-02,Laser_Printer,SpaceX Microsoft_365 Shop_system Legends_of_Runterra BPM_Tracker Falcon_9 Valorant Curiosity Artemis_program Mercury Dont@me Perseverance Tesla Codename_L Neuralink League_of_Legends Skylab Paypal Personnel_management_tool Pomodoro Google Shapeoko Guitar_tuner Prosperity Nomad Apollo I.S.P. Intelligent_Lock Codename_F Wild_Rift Proyecto_Nutria Boat_detector Teamfight_Tactics Covid_AI_evaluator Starship Snake_game Starlink Boring_company Arcane D.A.R.T CPCFI Dell_XPS Nvenc Facebook Hyperloop
5,Leonardo Villanueva_Flores,1979-12-02,AV CUAUHTEMOC 462 EST 6358,2016-12-02,Codename_L Google,Intelligent_Lock BPM_Tracker Nvenc Valorant Perseverance Shuttle-mir_program League_of_Legends Space_Shuttle Prosperity Boring_company Personnel_management_tool Starship Dont@me Shop_system
6,Camila Martinez_Rodriguez,1999-12-02,GABRIEL MANCERA N. 863  Depto. 401,2005-12-02,Starship,Shop_system Skylab Pomodoro Space_Shuttle Neuralink Dont@me Codename_L Microsoft_365
7,Leonardo Gomez_Ramirez,1955-12-02,"Cda. SAN ANTONIO 25 Dpto. 204",1992-12-02,Perseverance Facebook,Tesla Laser_Printer Microsoft_365 Wild_Rift Prosperity Intelligent_Lock Proyecto_Nutria Legends_of_Runterra Artemis_program Valorant Shop_system Hyperloop Boat_detector Teamfight_Tactics Personnel_management_tool Guitar_tuner Nomad SpaceX Mercury Curiosity Nvenc League_of_Legends Paypal Dell_XPS Neuralink Covid_AI_evaluator
8,Maria_Fernanda Rodriguez_Lopez,1994-12-02,AV CUAHUTEMOC 462 L 21,2015-12-02,Google Starship,Covid_Tracker Hyperloop Codename_F Apollo Boring_company CPCFI Covid_AI_evaluator League_of_Legends Starlink Dell_XPS Valorant Perseverance Shop_system Codename_L Prosperity Space_Shuttle Teamfight_Tactics Nomad Dont@me Falcon_9 Legends_of_Runterra BPM_Tracker Pizzeria_system Wild_Rift Arcane Proyecto_Nutria Paypal I.S.P. Mercury Shapeoko Snake_game Facebook Guitar_tuner Boat_detector Pomodoro Neuralink SpaceX Curiosity Microsoft_365 Laser_Printer Skylab Shuttle-mir_program Intelligent_Lock
9,Camila Villota_Villanueva,1963-12-02,Av Coyoacan 1435 Edif a Dpto 304 C u Pte Aleman,2019-12-02,Perseverance Codename_F,Teamfight_Tactics Hyperloop League_of_Legends Google BPM_Tracker Shapeoko Curiosity Guitar_tuner Shuttle-mir_program Dell_XPS Boat_detector SpaceX
10,Maria_José Cruz_Cruz,1982-12-02,COLORADO N. 36  Depto. 301,2000-12-02,Starship Dont@me Facebook,Snake_game D.A.R.T Guitar_tuner Microsoft_365 CPCFI Teamfight_Tactics Personnel_management_tool Space_Shuttle Artemis_program Hyperloop Covid_Tracker Wild_Rift Dell_XPS Falcon_9 Boring_company Valorant Shuttle-mir_program Shop_system Legends_of_Runterra Shapeoko Boat_detector Perseverance Pizzeria_system I.S.P. Intelligent_Lock Laser_Printer Codename_L Starlink Nvenc Google Apollo Tesla Paypal Arcane
11,Regina Callejas_Obrador,1964-12-02,REPUBLICAS NUM. 122 DEPTO. 6,2012-12-02,Perseverance Nomad,Nomad Guitar_tuner BPM_Tracker Personnel_management_tool Starlink Codename_F Boat_detector Codename_L Teamfight_Tactics Shapeoko Dell_XPS Paypal Tesla Shuttle-mir_program Arcane Valorant Prosperity I.S.P. Laser_Printer Dont@me SpaceX Skylab Nvenc D.A.R.T Legends_of_Runterra Intelligent_Lock Covid_Tracker Space_Shuttle Wild_Rift Curiosity Microsoft_365 Google
12,Sebastian Villanueva_Villanueva,1977-12-02,AV CUAUHTEMOC 462 EST 1145,1981-12-02,Codename_F Perseverance,Perseverance Curiosity Snake_game Proyecto_Nutria Boring_company Nvenc Falcon_9 Space_Shuttle Dell_XPS Starship
13,Emiliano Flores_Gonzalez,1972-12-02,"Cl. DAKOTA 312 Dpto. E",2021-12-02,Starship,Google Pizzeria_system SpaceX Boat_detector Pomodoro Legends_of_Runterra Shapeoko Nvenc League_of_Legends Tesla Facebook Prosperity
14,Ximena Guerrero_Garcia,2001-12-02,Nueva York 30 Edif a Depto a 401,2016-12-02,Nomad Codename_L Google,Boat_detector Skylab Dell_XPS Falcon_9 Nvenc Proyecto_Nutria Covid_AI_evaluator Shuttle-mir_program Boring_company Space_Shuttle Covid_Tracker Curiosity Shop_system CPCFI Prosperity Intelligent_Lock League_of_Legends Artemis_program Snake_game Pomodoro Personnel_management_tool Microsoft_365 Perseverance Shapeoko Wild_Rift Tesla Apollo Starlink Facebook Hyperloop D.A.R.T Arcane
15,Renata Garcia_Garcia,1999-12-02,"Cl. NICOLAS SAN JUAN 561 Dpto. 206",2002-12-02,Perseverance D.A.R.T Nomad,Arcane Pomodoro Nvenc Guitar_tuner Skylab Artemis_program Falcon_9 Legends_of_Runterra Personnel_management_tool League_of_Legends Snake_game SpaceX Wild_Rift Hyperloop Covid_AI_evaluator Space_Shuttle CPCFI Proyecto_Nutria I.S.P. Curiosity Paypal Laser_Printer Starship Intelligent_Lock Dell_XPS Codename_F Prosperity Mercury Codename_L Tesla Starlink Teamfight_Tactics
16,Maria_Fernanda Sanchez_Villanueva,1995-12-02,GUIPUZCOA N. 108  Depto. 509,2003-12-02,Codename_F D.A.R.T,Covid_Tracker Shapeoko Prosperity Pizzeria_system Wild_Rift Apollo Falcon_9 Teamfight_Tactics Proyecto_Nutria Legends_of_Runterra Nvenc Hyperloop Personnel_management_tool Artemis_program Mercury Nomad Tesla Google Arcane Curiosity Covid_AI_evaluator Facebook Microsoft_365 Starlink League_of_Legends Paypal
17,Regina Duque_Gomez,1955-12-02,Moras 306 Depto 201,1967-12-02,Dont@me Nomad Google,Covid_AI_evaluator BPM_Tracker Legends_of_Runterra Skylab Neuralink Shuttle-mir_program Falcon_9 Valorant Paypal Mercury Dell_XPS League_of_Legends Starship Teamfight_Tactics Covid_Tracker Arcane Facebook Snake_game Boat_detector Pomodoro Curiosity Personnel_management_tool Space_Shuttle Starlink Microsoft_365 Laser_Printer D.A.R.T Proyecto_Nutria SpaceX Guitar_tuner Perseverance CPCFI Shop_system I.S.P.
18,Leonardo Obrador_Lopez,1995-12-02,Pirineos No. 239  Depto. C - 2,2008-12-02,Codename_F,Pomodoro Wild_Rift Nomad Neuralink Teamfight_Tactics Boring_company BPM_Tracker Nvenc Shapeoko Starship Intelligent_Lock CPCFI Personnel_management_tool Curiosity Skylab League_of_Legends Google Codename_L Boat_detector Falcon_9 Guitar_tuner
19,Camila Flores_Cruz,1979-12-02,AV CUAUHTEMOC 462 EST 1025,2012-12-02,D.A.R.T Google Perseverance,Snake_game Space_Shuttle Codename_F Arcane CPCFI Wild_Rift Facebook Hyperloop Dell_XPS BPM_Tracker Skylab Curiosity Proyecto_Nutria Teamfight_Tactics Legends_of_Runterra Pizzeria_system Guitar_tuner Tesla Pomodoro Artemis_program League_of_Legends Shop_system Boring_company Falcon_9 Starlink Intelligent_Lock Covid_Tracker Shuttle-mir_program I.S.P. Neuralink Boat_detector
20,Matias Garcia_Martinez,1990-12-02,Jose Maria Velasco 13,1993-12-02,Google Nomad,Codename_F Space_Shuttle Curiosity D.A.R.T Facebook Mercury Dell_XPS Pomodoro Nvenc Boring_company League_of_Legends Boat_detector Artemis_program Perseverance Shop_system Teamfight_Tactics Shapeoko Intelligent_Lock Starship SpaceX BPM_Tracker Falcon_9 I.S.P. Snake_game Guitar_tuner Personnel_management_tool Skylab Shuttle-mir_program Apollo
21,Sofia Molina_Moran,1966-12-02,Cuauhtemoc 521 Depto 303,1967-12-02,Codename_F,D.A.R.T
22,Victoria Sanchez_Molina,1983-12-02,Amores 1403 y 1411 Depto 212,1989-12-02,Dont@me Nomad Codename_L,Teamfight_Tactics Google Tesla Dell_XPS Pomodoro Personnel_management_tool Skylab Wild_Rift Hyperloop Covid_Tracker Arcane D.A.R.T Facebook Falcon_9 Intelligent_Lock Perseverance Guitar_tuner Legends_of_Runterra Valorant Shop_system Neuralink Snake_game Boat_detector Space_Shuttle Laser_Printer Apollo Shapeoko Starship Covid_AI_evaluator Pizzeria_system Starlink Mercury Curiosity Shuttle-mir_program CPCFI SpaceX Nvenc I.S.P. Artemis_program
23,Maria_Fernanda Cruz_Sanchez,1955-12-02,"Cl. BRUNO TRAVEN 55 Cjon. 23",1984-12-02,Perseverance Starship,Pizzeria_system Codename_L Mercury Curiosity Pomodoro Nvenc Boring_company Shop_system D.A.R.T Legends_of_Runterra Wild_Rift Neuralink Dont@me Dell_XPS SpaceX Codename_F BPM_Tracker Teamfight_Tactics Tesla CPCFI Google League_of_Legends Prosperity Facebook Artemis_program Snake_game Nomad Shuttle-mir_program Shapeoko Guitar_tuner Covid_AI_evaluator Paypal Hyperloop Personnel_management_tool Space_Shuttle Proyecto_Nutria Apollo Intelligent_Lock Microsoft_365 Skylab
24,Maria_Fernanda Duque_Flores,1975-12-02,HILARIO PEREZ DE LEON 81 DEPTO A 304,2009-12-02,Facebook Dont@me Starship,I.S.P.
25,Maria_José Hernandez_Molina,1990-12-02,ACORDADA NUM. 80 DEPTO. 2,2004-12-02,Facebook Laser_Printer Codename_L,Codename_F Curiosity Nvenc Prosperity Covid_Tracker Dont@me CPCFI Apollo Microsoft_365 Mercury Shapeoko Hyperloop Intelligent_Lock Falcon_9 Starlink Perseverance BPM_Tracker Tesla Neuralink Skylab Proyecto_Nutria Shuttle-mir_program Boat_detector Dell_XPS Paypal Guitar_tuner Legends_of_Runterra Artemis_program Shop_system D.A.R.T Personnel_management_tool Teamfight_Tactics Wild_Rift Snake_game Starship Arcane I.S.P. Space_Shuttle Boring_company Nomad
26,Mateo Flores_Ramirez,1989-12-02,DIAGONAL DE SAN ANTONIO Num. 1809 Departamento 304,1998-12-02,Dont@me,Snake_game League_of_Legends Paypal Proyecto_Nutria Neuralink Google
27,Maria_Fernanda Rodriguez_Gonzalez,1995-12-02,BENITO JUAREZ 105-29,2004-12-02,Perseverance Starship,CPCFI Codename_F Dell_XPS Valorant BPM_Tracker Apollo Skylab Wild_Rift Shapeoko Prosperity D.A.R.T Dont@me Pizzeria_system Legends_of_Runterra Tesla Snake_game Space_Shuttle Covid_AI_evaluator Intelligent_Lock Codename_L Boring_company Mercury
28,Sebastian Duque_Callejas,1972-12-02,AV CUAUHTEMOC 462 EST 5841,1982-12-02,Facebook,Pomodoro Mercury League_of_Legends Perseverance Wild_Rift Codename_L Proyecto_Nutria Codename_F Boat_detector Shuttle-mir_program Guitar_tuner D.A.R.T Falcon_9 Intelligent_Lock Curiosity Nvenc Microsoft_365 Arcane SpaceX Starlink Dell_XPS Personnel_management_tool Hyperloop Shop_system Dont@me Paypal Google Tesla Space_Shuttle BPM_Tracker Prosperity Starship Laser_Printer Nomad Snake_game Skylab Neuralink Covid_AI_evaluator CPCFI Valorant Artemis_program I.S.P. Legends_of_Runterra
29,Ximena Gomez_Obrador,1957-12-02,AV CUAUHTEMOC 462 EST 6782,2000-12-02,Laser_Printer Dont@me Codename_L,Paypal Curiosity Legends_of_Runterra Apollo Dell_XPS Skylab Arcane Mercury Falcon_9 Neuralink Codename_F CPCFI Snake_game Wild_Rift Guitar_tuner Shop_system Nvenc Shuttle-mir_program Shapeoko Nomad Teamfight_Tactics Google SpaceX Intelligent_Lock Starlink Pizzeria_system Covid_AI_evaluator Facebook Starship D.A.R.T Space_Shuttle Perseverance Tesla Boat_detector Artemis_program Prosperity Covid_Tracker Personnel_management_tool BPM_Tracker Valorant Microsoft_365 Proyecto_Nutria League_of_Legends Boring_company I.S.P. Hyperloop Pomodoro
30,Ximena Moran_Molina,1994-12-02,"Cl. PERUGINO 11 DEPTO 5",2014-12-02,Laser_Printer Nomad Starship,Neuralink Covid_Tracker Facebook Pizzeria_system Artemis_program CPCFI Perseverance Microsoft_365 Hyperloop Skylab Boat_detector SpaceX Nvenc Starlink Pomodoro Shuttle-mir_program Codename_F D.A.R.T
31,Emiliano Duque_Gomez,1975-12-02,Insurgrntes Sur No. 576 Depto.4,1981-12-02,Starship,Mercury Shapeoko Microsoft_365 Teamfight_Tactics D.A.R.T Laser_Printer CPCFI Wild_Rift Arcane Hyperloop Dell_XPS Intelligent_Lock Perseverance Space_Shuttle Pizzeria_system Artemis_program Tesla Apollo SpaceX Shuttle-mir_program Prosperity BPM_Tracker Skylab I.S.P. Proyecto_Nutria Starlink Legends_of_Runterra Snake_game League_of_Legends Personnel_management_tool Valorant Codename_F Curiosity Pomodoro Neuralink
32,Mateo Hernandez_Moran,1993-12-02,AV CUAUHTEMOC 462 EST 2033,2011-12-02,Laser_Printer Codename_F Google,BPM_Tracker League_of_Legends Shop_system I.S.P. Tesla Space_Shuttle Valorant Guitar_tuner Artemis_program Paypal Hyperloop Facebook Falcon_9 Neuralink Codename_L Dell_XPS Pomodoro Nomad Teamfight_Tactics Curiosity Boat_detector Covid_AI_evaluator Starlink Nvenc Starship Microsoft_365 CPCFI Dont@me Shuttle-mir_program
33,Alexander Moran_Gomez,1982-12-02,Parroquia 711,1992-12-02,Dont@me Laser_Printer D.A.R.T,BPM_Tracker Facebook
34,Leonardo Moran_Moran,1999-12-02,Rio Churubusco 315 Depto 401,2019-12-02,Codename_F,Codename_F Skylab Curiosity I.S.P. Pomodoro Dell_XPS Personnel_management_tool Facebook Space_Shuttle Shop_system
35,Miguel_Angel Sanchez_Obrador,1957-12-02,"Cl. CONCEPCION BEISTEGUI 617 Dpto. A-3",1998-12-02,Codename_L,
36,Maria_Fernanda Guerrero_Gonzalez,1977-12-02,Adolfo Prieto 731 Depto 302,2017-12-02,Dont@me Starship,Proyecto_Nutria Snake_game Falcon_9 Shuttle-mir_program Covid_Tracker Legends_of_Runterra Personnel_management_tool Teamfight_Tactics Wild_Rift Google SpaceX CPCFI Arcane Valorant Neuralink Codename_F Microsoft_365 Codename_L Space_Shuttle Nomad Nvenc Shop_system Facebook Hyperloop Pizzeria_system BPM_Tracker
37,Victoria Guerrero_Gonzalez,1997-12-02,Ixcateopan 283 Depto 101,2018-12-02,Starship,Shapeoko Shuttle-mir_program Space_Shuttle Nvenc Nomad CPCFI Skylab Dont@me Laser_Printer League_of_Legends Legends_of_Runterra I.S.P. Neuralink Shop_system SpaceX Falcon_9 Codename_F Google Teamfight_Tactics Intelligent_Lock Paypal Microsoft_365 Boring_company Personnel_management_tool Pizzeria_system Prosperity Wild_Rift Dell_XPS Artemis_program Pomodoro Hyperloop Covid_AI_evaluator Valorant
38,Sofia Obrador_Cruz,1994-12-02,AV CUAUHTEMOC 462 EST 2002,2006-12-02,Dont@me,Apollo Artemis_program Microsoft_365 Mercury Shapeoko Falcon_9 CPCFI League_of_Legends Shop_system Neuralink Space_Shuttle Pomodoro Nomad Codename_F Legends_of_Runterra Covid_Tracker Curiosity Google Boat_detector Pizzeria_system Covid_AI_evaluator Hyperloop Dell_XPS Starship Nvenc Shuttle-mir_program Arcane Guitar_tuner Starlink Skylab I.S.P. Tesla Wild_Rift Intelligent_Lock Paypal Perseverance
39,Alexander Gonzalez_Cruz,1967-12-02,Presidentes 176 B 304,2006-12-02,Starship,Falcon_9 CPCFI I.S.P. Arcane Wild_Rift Paypal Tesla Pomodoro D.A.R.T Skylab Apollo Dell_XPS Codename_L SpaceX Snake_game Codename_F Nvenc Boat_detector Laser_Printer Proyecto_Nutria League_of_Legends BPM_Tracker Microsoft_365 Starlink Pizzeria_system Personnel_management_tool Perseverance Intelligent_Lock Boring_company Guitar_tuner Teamfight_Tactics
40,Regina Sanchez_Gonzalez,1983-12-02,"Cl. IROLO 78 Dpto. 303",1988-12-02,Nomad Starship,Facebook D.A.R.T Dell_XPS Pomodoro Microsoft_365 Shop_system Wild_Rift Tesla Intelligent_Lock Mercury Covid_Tracker Personnel_management_tool Valorant
41,Santiago Gonzalez_Molina,1988-12-02,Boston No.21 Cuarto No.2,2009-12-02,Starship,Pomodoro Pizzeria_system Google Dont@me Laser_Printer Arcane Hyperloop Space_Shuttle Boring_company Perseverance I.S.P. Legends_of_Runterra Facebook Covid_AI_evaluator Falcon_9
42,Valentina Flores_Callejas,1964-12-02,Popocatepetl 131 204-b Esq Av Ajusco,1998-12-02,Nomad,League_of_Legends Laser_Printer Curiosity Boat_detector Space_Shuttle Dont@me Personnel_management_tool Falcon_9 Covid_AI_evaluator Artemis_program SpaceX Skylab Microsoft_365 Perseverance Paypal Facebook Hyperloop Intelligent_Lock Teamfight_Tactics Google Covid_Tracker Snake_game Codename_L D.A.R.T Starship Apollo Proyecto_Nutria CPCFI Boring_company Mercury Wild_Rift Valorant Nvenc Tesla Dell_XPS Legends_of_Runterra Neuralink BPM_Tracker Starlink Arcane Codename_F Shop_system
43,Emiliano Gomez_Villanueva,1977-12-02,Popocatepetl 440 Depto B 402,1978-12-02,D.A.R.T,D.A.R.T Personnel_management_tool SpaceX CPCFI Covid_Tracker Snake_game Falcon_9 Curiosity Mercury Facebook Shuttle-mir_program
44,Diego Ramirez_Obrador,1966-12-02,Nicolas San Juan 1117 Depto 402,2011-12-02,Dont@me D.A.R.T,Nvenc Nomad Curiosity
45,Emiliano Callejas_Gomez,1989-12-02,LAT. AV. RIO MIXCOAC NUM. 316 DEPTO. 603,2007-12-02,Dont@me,Shuttle-mir_program I.S.P. Valorant SpaceX Microsoft_365 Codename_L Starship Laser_Printer Mercury Intelligent_Lock Boring_company Teamfight_Tactics Snake_game Codename_F Legends_of_Runterra D.A.R.T Proyecto_Nutria Apollo Paypal Dell_XPS Skylab Nomad CPCFI Space_Shuttle League_of_Legends
46,Santiago Guerrero_Obrador,1988-12-02,AV CUAUHTEMOC 462 EST 5565,2010-12-02,Codename_F Starship Facebook,Paypal D.A.R.T Tesla Microsoft_365 Laser_Printer Personnel_management_tool Covid_Tracker Apollo Mercury Curiosity Falcon_9 Guitar_tuner Boring_company Boat_detector Prosperity Nomad Artemis_program Space_Shuttle Shapeoko Covid_AI_evaluator Dont@me Shop_system SpaceX Codename_L Proyecto_Nutria BPM_Tracker Teamfight_Tactics League_of_Legends Shuttle-mir_program Valorant Nvenc Skylab
47,Alexander Molina_Cruz,1961-12-02,Jose Ma Vertiz 852 Est. 14,2020-12-02,Perseverance Facebook Nomad,Perseverance Neuralink CPCFI Dont@me Starlink Codename_L Proyecto_Nutria Teamfight_Tactics Starship Intelligent_Lock Tesla Curiosity SpaceX Laser_Printer League_of_Legends Boat_detector Wild_Rift Falcon_9 Artemis_program Pizzeria_system Prosperity Skylab Arcane D.A.R.T BPM_Tracker Paypal Mercury Guitar_tuner Legends_of_Runterra
48,Matias Gonzalez_Cruz,1976-12-02,Gabriel Mancera 1423 Estac 5,1977-12-02,Codename_F,Curiosity Personnel_management_tool Covid_AI_evaluator Artemis_program Nomad I.S.P. Apollo Mercury Legends_of_Runterra Covid_Tracker Microsoft_365 Starlink Dont@me Starship Shuttle-mir_program Nvenc Proyecto_Nutria Neuralink Valorant Boring_company Perseverance Facebook Guitar_tuner Prosperity Snake_game Arcane
49,Valentina Rodriguez_Sanchez,2000-12-02,Xochicalco 242 Depto 4,2019-12-02,Google,Starlink Skylab Tesla Personnel_management_tool Apollo Legends_of_Runterra Nomad Hyperloop Codename_F Dont@me Shop_system Space_Shuttle Wild_Rift Codename_L Nvenc Intelligent_Lock Snake_game
50,Camila Hernandez_Flores,1979-12-02,Idaho 3,1984-12-02,Nomad,Teamfight_Tactics Codename_L Codename_F Skylab Starlink Legends_of_Runterra Valorant
51,Regina Martinez_Gomez,1954-12-02,Watteau 50 Depto 201,1973-12-02,Facebook D.A.R.T Codename_F,Paypal Legends_of_Runterra Covid_Tracker Starship Shapeoko Artemis_program Perseverance Codename_L SpaceX I.S.P. Google Curiosity Neuralink Teamfight_Tactics Dont@me Wild_Rift Skylab Nvenc Boat_detector CPCFI Snake_game Prosperity Hyperloop Pomodoro Intelligent_Lock Proyecto_Nutria Personnel_management_tool Shop_system Shuttle-mir_program Valorant Falcon_9 Nomad Space_Shuttle Apollo Guitar_tuner Pizzeria_system Starlink
52,Matias Flores_Cruz,1997-12-02,Av Nueva York 255 Depto 201,2007-12-02,Dont@me Facebook,Artemis_program Hyperloop Intelligent_Lock Boat_detector Codename_L CPCFI Dell_XPS Covid_AI_evaluator Nomad Covid_Tracker Boring_company BPM_Tracker Mercury Perseverance Microsoft_365 Apollo Prosperity Shuttle-mir_program Falcon_9 Codename_F Laser_Printer Arcane Paypal D.A.R.T SpaceX Shapeoko Space_Shuttle Google League_of_Legends Starship I.S.P. Pomodoro Nvenc Wild_Rift Snake_game Personnel_management_tool Guitar_tuner Tesla Shop_system Proyecto_Nutria Pizzeria_system Legends_of_Runterra Neuralink
53,Ximena Ramirez_Ramirez,1983-12-02,Jose Ma Vertiz 712 03,2006-12-02,Nomad,Personnel_management_tool Pizzeria_system Prosperity D.A.R.T Pomodoro Shop_system Dont@me Covid_Tracker Facebook CPCFI Neuralink BPM_Tracker Arcane Guitar_tuner Nvenc Starlink Legends_of_Runterra Shuttle-mir_program Laser_Printer Skylab Codename_L Teamfight_Tactics Boat_detector
54,Leonardo Flores_Lopez,1977-12-02,Holbein 217 Ofic 1401 Piso Xvi,2006-12-02,Starship,Neuralink Arcane CPCFI Covid_AI_evaluator
55,Matias Villanueva_Perez,1978-12-02,AV CUAUHTEMOC 462 EST 6554,2012-12-02,Laser_Printer Codename_L,Facebook Shapeoko Prosperity Intelligent_Lock D.A.R.T Space_Shuttle Dont@me Covid_AI_evaluator Pomodoro Proyecto_Nutria Teamfight_Tactics Guitar_tuner Boat_detector SpaceX Nomad Google League_of_Legends Covid_Tracker
56,Matias Villanueva_Gonzalez,1973-12-02,JUAN AUGUSTO INGRES  143 DEPTO 406,2015-12-02,Codename_L Codename_F Google,Paypal Tesla Boring_company Apollo Nomad Proyecto_Nutria Dell_XPS Personnel_management_tool Shop_system Guitar_tuner Boat_detector Hyperloop Microsoft_365 Shapeoko Laser_Printer D.A.R.T Snake_game Intelligent_Lock
57,Mateo Guerrero_Perez,1980-12-02,"Cl. ANILLO PERIFERICO BOULEBARD PRESIDENTE ADOLFO LOPEZ MATEOS 67 Casa 5",1986-12-02,Codename_L Facebook D.A.R.T,Guitar_tuner League_of_Legends Pomodoro CPCFI BPM_Tracker Legends_of_Runterra Perseverance Dell_XPS Prosperity
58,Alexander Hernandez_Ramirez,1992-12-02,AV CUAUHTEMOC 462 EST 5103,2005-12-02,Codename_L Laser_Printer,Covid_Tracker Starship Artemis_program Pomodoro Paypal
59,Alexander Garcia_Obrador,1989-12-02,"CALZADA DE TLALPAN 1447 Dpto. 208",1990-12-02,Nomad,Apollo Mercury
60,Camila Flores_Gonzalez,1957-12-02,"Avd. MINERVA 55 Estac. 15",1974-12-02,Nomad Google,Falcon_9 Perseverance Codename_F Dont@me Proyecto_Nutria Dell_XPS BPM_Tracker League_of_Legends Legends_of_Runterra Tesla Wild_Rift Boat_detector D.A.R.T Microsoft_365 Mercury Personnel_management_tool Codename_L Shuttle-mir_program Neuralink Paypal Shop_system Nvenc Boring_company Apollo Laser_Printer Pizzeria_system Curiosity Covid_Tracker Space_Shuttle Prosperity Starlink Shapeoko Hyperloop
61,Miguel_Angel Molina_Perez,2000-12-02,ANDALUCIA NO. 70 DEPTO. B-601,2020-12-02,Starship D.A.R.T Laser_Printer,Curiosity Codename_F Pomodoro Nvenc Prosperity Wild_Rift Codename_L SpaceX Intelligent_Lock
62,Matias Ramirez_Sanchez,1959-12-02,EJE 2 PONIENTE GABRIEL MANCERA 130    DEPTO  202,1985-12-02,Codename_L Laser_Printer Facebook,Nvenc Dont@me Space_Shuttle Skylab Nomad Prosperity CPCFI Falcon_9 Microsoft_365 Guitar_tuner BPM_Tracker Artemis_program Pizzeria_system Covid_AI_evaluator League_of_Legends Pomodoro Wild_Rift I.S.P. Google Personnel_management_tool D.A.R.T Mercury SpaceX Snake_game Boring_company Intelligent_Lock Valorant Proyecto_Nutria Boat_detector Shuttle-mir_program Legends_of_Runterra Apollo Hyperloop Curiosity Neuralink Perseverance Shapeoko Tesla Starlink Shop_system Paypal
63,Alexander Molina_Gomez,1972-12-02,"Cl. MONTECITO 38 Edif. CONDOMINIO 9 Sec. SOTANO 3 Cjon. 77",1976-12-02,Perseverance Codename_F,Paypal Falcon_9 Nvenc Arcane CPCFI Neuralink Artemis_program Space_Shuttle Laser_Printer Mercury Codename_L Boat_detector BPM_Tracker Pomodoro Snake_game
64,Daniel Gomez_Perez,1956-12-02,Calle Cinco No 9 Depto 8,2019-12-02,Laser_Printer,Space_Shuttle Tesla Pomodoro
65,Valentina Sanchez_Guerrero,1958-12-02,AV CUAUHTEMOC 462 EST 1096,1982-12-02,Laser_Printer,Starlink Falcon_9 SpaceX Pomodoro Legends_of_Runterra Personnel_management_tool League_of_Legends
66,Diego Gomez_Callejas,1972-12-02,AV CUAUHTEMOC 462 EST 3046,2010-12-02,Perseverance,Nvenc Wild_Rift Shapeoko Valorant Starship Teamfight_Tactics Nomad Laser_Printer Hyperloop Arcane Boat_detector Codename_L Snake_game SpaceX Proyecto_Nutria Apollo Pomodoro Legends_of_Runterra I.S.P. Tesla CPCFI Facebook League_of_Legends Microsoft_365 Starlink D.A.R.T Google
67,Sofia Gomez_Duque,2000-12-02,AV CUAUHTEMOC 462 EST 5375,2001-12-02,Codename_L Starship,Intelligent_Lock Nvenc Dell_XPS Guitar_tuner Proyecto_Nutria SpaceX Shop_system
68,Maria_José Lopez_Villota,1991-12-02,AV CUAUHTEMOC 462 EST 5522,1992-12-02,Starship Perseverance Google,Covid_AI_evaluator BPM_Tracker D.A.R.T Valorant Shop_system Personnel_management_tool Dont@me I.S.P. Shuttle-mir_program Teamfight_Tactics Starlink SpaceX CPCFI Codename_F Dell_XPS Pomodoro Laser_Printer Legends_of_Runterra Tesla Shapeoko Paypal Wild_Rift Nvenc Guitar_tuner League_of_Legends Hyperloop Snake_game Mercury Curiosity Codename_L Neuralink Space_Shuttle
69,Leonardo Martinez_Lopez,1989-12-02,Miguel Laurent 918 201,1992-12-02,Dont@me,Starship SpaceX Valorant Perseverance Pomodoro Tesla Boat_detector Falcon_9 Mercury Snake_game Dell_XPS Shop_system Hyperloop Prosperity Laser_Printer I.S.P. Nvenc D.A.R.T Boring_company Artemis_program Pizzeria_system
70,Alexander Garcia_Duque,1982-12-02,AV CUAUHTEMOC 462 EST 6176,1984-12-02,Google Codename_L D.A.R.T,BPM_Tracker Dell_XPS Facebook League_of_Legends I.S.P. Shuttle-mir_program Personnel_management_tool Pizzeria_system Tesla Apollo SpaceX Intelligent_Lock Shapeoko Space_Shuttle Guitar_tuner Falcon_9 Hyperloop Wild_Rift Arcane Laser_Printer Shop_system Covid_Tracker Skylab Valorant Codename_F Nomad Proyecto_Nutria Nvenc Covid_AI_evaluator Neuralink Microsoft_365
71,Maria_José Obrador_Gomez,1990-12-02,Adolfo Prieto 1360,2009-12-02,Facebook Codename_L Laser_Printer,Paypal Perseverance Microsoft_365 Skylab Nomad Boat_detector
72,Camila Guerrero_Sanchez,2001-12-02,"Eje 8 SUR AV POPOCATEPETL 435 Edif. T- A Dpto. 1103",2017-12-02,Starship Facebook,Starlink Dont@me Teamfight_Tactics Proyecto_Nutria SpaceX Skylab D.A.R.T Google Pomodoro Shop_system Laser_Printer Valorant Tesla Hyperloop I.S.P. Personnel_management_tool Apollo Paypal Shapeoko Guitar_tuner Artemis_program Curiosity Covid_AI_evaluator Space_Shuttle Shuttle-mir_program League_of_Legends Wild_Rift Legends_of_Runterra Covid_Tracker Prosperity
73,Emiliano Gonzalez_Molina,1976-12-02,PIRINEOS 242 DEPTO 205,1985-12-02,Nomad,Shop_system League_of_Legends SpaceX Dont@me Hyperloop Covid_Tracker Arcane Boring_company Laser_Printer Pomodoro Wild_Rift Tesla Personnel_management_tool Teamfight_Tactics Codename_F
74,Emiliano Martinez_Lopez,1988-12-02,ANTONIO VAN DICK Num. 64 Departamento 001,2016-12-02,Codename_L Laser_Printer Facebook,Codename_F Covid_Tracker Space_Shuttle Prosperity Boat_detector Legends_of_Runterra Covid_AI_evaluator Curiosity Microsoft_365 Shop_system I.S.P. Starship Nvenc Wild_Rift Tesla Proyecto_Nutria Nomad Starlink Snake_game CPCFI Pizzeria_system BPM_Tracker Hyperloop Google Mercury Valorant Personnel_management_tool Neuralink Apollo Dell_XPS SpaceX Pomodoro Shapeoko Perseverance Intelligent_Lock Arcane Guitar_tuner Shuttle-mir_program Falcon_9 Skylab Paypal Boring_company League_of_Legends
75,Matias Duque_Villota,1980-12-02,AVENIDA GABRIEL RAMOS MILLAN NUM. 117 DEPTO. G502,1991-12-02,Codename_F Laser_Printer,Covid_Tracker Legends_of_Runterra Intelligent_Lock Tesla Covid_AI_evaluator Dell_XPS
76,Miguel_Angel Rodriguez_Moran,1982-12-02,Horacio Nelson 3 Moderna 0,2006-12-02,Nomad Laser_Printer Codename_F,Shapeoko Covid_Tracker
77,Maria_José Obrador_Gomez,1995-12-02,AV CUAUHTEMOC 462 EST 6564,1999-12-02,Dont@me Starship Laser_Printer,Guitar_tuner Facebook Space_Shuttle D.A.R.T Intelligent_Lock Boat_detector Proyecto_Nutria Dell_XPS Paypal Codename_L Legends_of_Runterra League_of_Legends Starlink Shop_system BPM_Tracker Tesla Shapeoko
78,Santiago Villota_Callejas,1977-12-02,Quebrada 216 Depto 1,1989-12-02,Starship,D.A.R.T Artemis_program Mercury BPM_Tracker Pomodoro Apollo Laser_Printer Arcane I.S.P. Prosperity Shuttle-mir_program Hyperloop Wild_Rift Dell_XPS Tesla Microsoft_365 Perseverance Boring_company Guitar_tuner Proyecto_Nutria SpaceX League_of_Legends Teamfight_Tactics Legends_of_Runterra Shapeoko Snake_game Nvenc Paypal Facebook Covid_AI_evaluator Shop_system Curiosity Codename_F Nomad Boat_detector
79,Valeria Duque_Garcia,1972-12-02,AV CUAUHTEMOC 462 EST 6235,2005-12-02,Nomad Laser_Printer,Pizzeria_system Paypal Covid_Tracker Google Space_Shuttle Prosperity Apollo Codename_F Boat_detector Codename_L Starlink Arcane Pomodoro I.S.P. Perseverance Intelligent_Lock Shuttle-mir_program Proyecto_Nutria Shapeoko CPCFI Microsoft_365 Snake_game Nvenc Neuralink Artemis_program Guitar_tuner Legends_of_Runterra D.A.R.T Facebook Valorant Falcon_9 Dell_XPS Wild_Rift
80,Diego Flores_Lopez,1967-12-02,"Eje 8 SUR AV POPOCATEPETL 415 Dpto. A-202",1980-12-02,Dont@me Starship Google,Dell_XPS Facebook Skylab BPM_Tracker Wild_Rift Pomodoro Tesla Nvenc CPCFI Personnel_management_tool Space_Shuttle Proyecto_Nutria I.S.P. Mercury Pizzeria_system Boring_company Boat_detector Hyperloop Valorant Falcon_9 League_of_Legends Apollo Codename_L Legends_of_Runterra Teamfight_Tactics Shuttle-mir_program Covid_Tracker Nomad Perseverance Shapeoko Intelligent_Lock Curiosity Covid_AI_evaluator D.A.R.T Codename_F Starlink Neuralink Paypal SpaceX Guitar_tuner Prosperity Microsoft_365 Shop_system Laser_Printer Artemis_program
81,Mateo Flores_Obrador,1965-12-02,Luz Savi@On 1015,1966-12-02,Google,Codename_F
82,Santiago Ramirez_Rodriguez,1991-12-02,Uxmal 891 Depto 304 0,2013-12-02,Starship D.A.R.T,D.A.R.T Snake_game Valorant Curiosity Skylab Artemis_program CPCFI Shapeoko Covid_Tracker Wild_Rift Boring_company Tesla Pomodoro Dont@me Personnel_management_tool I.S.P. Dell_XPS League_of_Legends Nomad Codename_L Starlink Space_Shuttle Falcon_9 Shop_system Intelligent_Lock Legends_of_Runterra Proyecto_Nutria Arcane Apollo Hyperloop Mercury Guitar_tuner Facebook SpaceX Codename_F Shuttle-mir_program Perseverance Covid_AI_evaluator Teamfight_Tactics Prosperity Laser_Printer Microsoft_365 Boat_detector Google Paypal Neuralink BPM_Tracker
83,Valentina Duque_Rodriguez,2001-12-02,Corregio 38 Depto 3,2014-12-02,Laser_Printer Codename_F,Neuralink Prosperity Shop_system Apollo Nvenc Legends_of_Runterra D.A.R.T Facebook Valorant Dont@me Artemis_program CPCFI Mercury Teamfight_Tactics Falcon_9 Boat_detector Pomodoro Skylab Snake_game Boring_company Curiosity Nomad Starlink Shuttle-mir_program Covid_AI_evaluator Guitar_tuner Covid_Tracker BPM_Tracker Proyecto_Nutria Codename_L Hyperloop Paypal
84,Sebastian Rodriguez_Ramirez,1965-12-02,AV CUAUHTEMOC 462 EST 6263,2007-12-02,Perseverance Facebook,Shuttle-mir_program Google Prosperity Covid_AI_evaluator Apollo Arcane Codename_L Teamfight_Tactics Starlink Covid_Tracker Pomodoro Legends_of_Runterra Neuralink Personnel_management_tool League_of_Legends Proyecto_Nutria Snake_game Shop_system Hyperloop Boring_company Tesla Laser_Printer Intelligent_Lock Falcon_9 Wild_Rift Shapeoko Nvenc Dell_XPS Artemis_program Valorant Paypal Boat_detector CPCFI Mercury Space_Shuttle Curiosity Skylab
85,Valentina Perez_Duque,1981-12-02,La Quemada 346 Cuarto de Servicio 7,2021-12-02,Starship,Microsoft_365 Intelligent_Lock Covid_Tracker Shop_system Skylab I.S.P. D.A.R.T Apollo Perseverance Pomodoro Google Arcane Covid_AI_evaluator Shapeoko Neuralink Falcon_9 SpaceX Dont@me Starlink Nomad Boat_detector Valorant Curiosity Personnel_management_tool Space_Shuttle Laser_Printer Pizzeria_system Teamfight_Tactics CPCFI Nvenc Mercury
86,Emiliano Gonzalez_Villanueva,1978-12-02,"Eje 3 PTE AV COYOACAN 1523 Dpto. 101",2009-12-02,Google,Snake_game I.S.P. Facebook Starship Pomodoro Legends_of_Runterra Mercury Tesla Shuttle-mir_program BPM_Tracker Prosperity Boring_company Perseverance Intelligent_Lock
87,Valentina Molina_Rodriguez,1976-12-02,CHICAGO 162 DEPTO. C 503,2001-12-02,Facebook,I.S.P. League_of_Legends Wild_Rift Dont@me Shuttle-mir_program Starship Arcane Google
88,Miguel_Angel Martinez_Molina,1991-12-02,AV CUAUHTEMOC 462 EST 6466,2008-12-02,Dont@me Starship,Mercury Paypal Tesla CPCFI Microsoft_365 Legends_of_Runterra Shuttle-mir_program Codename_L Facebook Google Shapeoko Starlink Snake_game Neuralink BPM_Tracker Shop_system Nomad Skylab Intelligent_Lock Hyperloop Boat_detector Pomodoro Space_Shuttle Proyecto_Nutria Teamfight_Tactics Arcane Personnel_management_tool Artemis_program Codename_F Boring_company League_of_Legends SpaceX Guitar_tuner D.A.R.T Pizzeria_system Falcon_9 Dell_XPS Valorant Wild_Rift Covid_AI_evaluator Laser_Printer Perseverance Nvenc Curiosity Covid_Tracker Prosperity I.S.P.
89,Ximena Obrador_Sanchez,2001-12-02,MONROVIA Num. 403 Departamento 6,2008-12-02,Nomad,Dont@me SpaceX Hyperloop Intelligent_Lock Pomodoro Neuralink Skylab Dell_XPS Facebook Laser_Printer Codename_L Google Apollo Tesla Microsoft_365
90,Valentina Martinez_Flores,1982-12-02,CAPUCHINAS 30 DEPTO 403,2003-12-02,Facebook Laser_Printer,Proyecto_Nutria Snake_game I.S.P. Mercury Covid_AI_evaluator Skylab Wild_Rift League_of_Legends Codename_L Shapeoko Shop_system Apollo Starlink Microsoft_365 Valorant Intelligent_Lock Codename_F Arcane Boat_detector Perseverance Prosperity Pomodoro Tesla Personnel_management_tool Google Starship Dell_XPS BPM_Tracker D.A.R.T CPCFI Teamfight_Tactics Boring_company Nvenc
91,Alexander Cruz_Hernandez,1970-12-02,Calzada de Tlalpan 994 Depto 7,2007-12-02,D.A.R.T Google,Proyecto_Nutria Laser_Printer Shapeoko
92,Victoria Martinez_Ramirez,1983-12-02,"Cda. PAZ MONTES DE OCA 3 Dpto. D-111",2015-12-02,Perseverance,Skylab Hyperloop Legends_of_Runterra Codename_F Starship Starlink D.A.R.T Codename_L Snake_game Tesla Paypal Laser_Printer Personnel_management_tool Dell_XPS Shapeoko Shop_system Guitar_tuner SpaceX Intelligent_Lock Dont@me Shuttle-mir_program Prosperity Proyecto_Nutria Covid_AI_evaluator BPM_Tracker Wild_Rift Nomad Arcane Covid_Tracker Facebook Valorant Pizzeria_system Boring_company CPCFI Falcon_9 Neuralink Teamfight_Tactics Apollo Google League_of_Legends Pomodoro Space_Shuttle Artemis_program Mercury I.S.P. Nvenc Curiosity Microsoft_365 Boat_detector
93,Regina Villanueva_Rodriguez,1964-12-02,Milwaukee 49,2014-12-02,Dont@me,Shapeoko
94,Valentina Flores_Obrador,1963-12-02,"Cl. WATTEAU 30 Dpto. 102",1973-12-02,Nomad Google,D.A.R.T Pizzeria_system Legends_of_Runterra Perseverance Mercury Boring_company Starship Intelligent_Lock Microsoft_365 Starlink Facebook Tesla Artemis_program I.S.P. Valorant Curiosity Snake_game Arcane CPCFI BPM_Tracker Codename_F Neuralink Pomodoro SpaceX
95,Valeria Moran_Molina,1956-12-02,NI@OS HEROES DE CHAPULTEPEC 102 DEPTO C521,1989-12-02,Dont@me Codename_F,CPCFI Proyecto_Nutria Teamfight_Tactics Google BPM_Tracker Tesla Mercury Guitar_tuner I.S.P. Wild_Rift Pomodoro Laser_Printer Codename_L Paypal Perseverance Dell_XPS Shapeoko Skylab Intelligent_Lock Snake_game Shop_system Microsoft_365 Hyperloop Prosperity Personnel_management_tool Shuttle-mir_program Starship Covid_AI_evaluator Apollo D.A.R.T Legends_of_Runterra Pizzeria_system SpaceX Valorant Facebook Neuralink Artemis_program League_of_Legends Nvenc Starlink Nomad
96,Regina Lopez_Villanueva,1973-12-02,"Cl. DR JOSE MARIA VERTIZ 1056 Dpto. 501",1988-12-02,Google,Neuralink Nomad Boring_company Arcane Valorant Covid_AI_evaluator Shapeoko Proyecto_Nutria Space_Shuttle Perseverance SpaceX
97,Sebastian Gonzalez_Lopez,1975-12-02,San Simon 142 Depto 201 e,1982-12-02,Google,CPCFI Apollo Legends_of_Runterra Facebook Laser_Printer I.S.P.
98,Emiliano Martinez_Flores,1998-12-02,Enrique Rebsamen 928,2017-12-02,Codename_F D.A.R.T Codename_L,Facebook Curiosity Valorant Proyecto_Nutria Intelligent_Lock Neuralink Arcane Teamfight_Tactics Microsoft_365 Starlink Space_Shuttle
99,Daniel Obrador_Sanchez,1974-12-02,Tajin 243 Depto 12,2003-12-02,Facebook Starship Laser_Printer,Wild_Rift D.A.R.T BPM_Tracker Curiosity Codename_F Pomodoro Prosperity Apollo Covid_Tracker Boring_company Dell_XPS Guitar_tuner Nvenc Personnel_management_tool Microsoft_365 League_of_Legends Space_Shuttle Proyecto_Nutria Boat_detector SpaceX
100,Valeria Villota_Rodriguez,1957-12-02,Ret Mayorazgo De Luyando 4 Casa 3,1997-12-02,Codename_L Laser_Printer,Snake_game Arcane Teamfight_Tactics Skylab I.S.P. Nomad Mercury Proyecto_Nutria Hyperloop Artemis_program Covid_AI_evaluator Pomodoro Apollo Boat_detector Personnel_management_tool Dont@me Dell_XPS Shuttle-mir_program Microsoft_365 Wild_Rift Google CPCFI Neuralink Codename_F Intelligent_Lock Falcon_9 Perseverance Tesla Boring_company Nvenc Valorant League_of_Legends Starlink Space_Shuttle Shapeoko SpaceX BPM_Tracker D.A.R.T Starship Guitar_tuner Shop_system Legends_of_Runterra Prosperity
,,,,,,total=100
